no,target_gene,cell_line,density_cells_per_well,transfection,aso_concentration_nm,treatment_period_hours,primer_probe_set,sequence,modification,location,chemical_pattern,linkage,linkage_location,smiles,inhibition_percent,seq_length,sequence_length_computed,smiles_valid
666867,SOD1,A431,5000,free_uptake,15000.0,16,RTS3898,AGTGTTTAATGTTTATC,moe/cet/5-methylcytosines/deoxy,0?1?12?13?14?15?16/2?3/C/else,MMCCddddddddMMMMM,phosphodiester/phosphorothioate,1?2?12?13/else,COCCO[C@@H]1[C@H](O)[C@@H](C[O]P(=O)([S-])O[C@@H]2[C@@H](C[O]P(=O)([S-])O[C@@H]3[C@@H](C[O]P(=O)([O-])O[C@@H]4[C@@H](C[O]P(=O)([O-])O[C@@H]5[C@@H](C[O]P(=O)([S-])O[C@H]6C[C@H](n7cc(C)c(=O)[nH]c7=O)O[C@@H]6C[O]P(=O)([S-])O[C@H]6C[C@H](n7cnc8c(=O)[nH]c(N)nc87)O[C@@H]6C[O]P(=O)([S-])O[C@H]6C[C@H](n7cc(C)c(=O)[nH]c7=O)O[C@@H]6C[O]P(=O)([S-])O[C@H]6C[C@H](n7cnc8c(N)ncnc87)O[C@@H]6C[O]P(=O)([S-])O[C@H]6C[C@H](n7cnc8c(N)ncnc87)O[C@@H]6C[O]P(=O)([S-])O[C@H]6C[C@H](n7cc(C)c(=O)[nH]c7=O)O[C@@H]6C[O]P(=O)([S-])O[C@H]6C[C@H](n7cc(C)c(=O)[nH]c7=O)O[C@@H]6C[O]P(=O)([S-])O[C@H]6C[C@H](n7cc(C)c(=O)[nH]c7=O)O[C@@H]6C[O]P(=O)([S-])O[C@H]6[C@H]7O[C@H](C)[C@]6(C[O]P(=O)([O-])O[C@H]6[C@H]8O[C@H](C)[C@]6(C[O]P(=O)([O-])O[C@@H]6[C@@H](C[O]P(=O)([S-])O[C@@H]9[C@@H](C[OH])O[C@@H](n%10cnc%11c(N)ncnc%11%10)[C@@H]9OCCOC)O[C@@H](n9cnc%10c(=O)[nH]c(N)nc%109)[C@@H]6OCCOC)O[C@H]8n6cc(C)c(=O)[nH]c6=O)O[C@H]7n6cnc7c(=O)[nH]c(N)nc76)O[C@@H](n6cc(C)c(=O)[nH]c6=O)[C@@H]5OCCOC)O[C@@H](n5cc(C)c(=O)[nH]c5=O)[C@@H]4OCCOC)O[C@@H](n4cnc5c(N)ncnc54)[C@@H]3OCCOC)O[C@@H](n3cc(C)c(=O)[nH]c3=O)[C@@H]2OCCOC)O[C@H]1n1ccc(N)nc1=O,83,17,17,True
666867,SOD1,A431,5000,free_uptake,556.0,16,RTS3898,AGTGTTTAATGTTTATC,moe/cet/5-methylcytosines/deoxy,0?1?12?13?14?15?16/2?3/C/else,MMCCddddddddMMMMM,phosphodiester/phosphorothioate,1?2?12?13/else,COCCO[C@@H]1[C@H](O)[C@@H](C[O]P(=O)([S-])O[C@@H]2[C@@H](C[O]P(=O)([S-])O[C@@H]3[C@@H](C[O]P(=O)([O-])O[C@@H]4[C@@H](C[O]P(=O)([O-])O[C@@H]5[C@@H](C[O]P(=O)([S-])O[C@H]6C[C@H](n7cc(C)c(=O)[nH]c7=O)O[C@@H]6C[O]P(=O)([S-])O[C@H]6C[C@H](n7cnc8c(=O)[nH]c(N)nc87)O[C@@H]6C[O]P(=O)([S-])O[C@H]6C[C@H](n7cc(C)c(=O)[nH]c7=O)O[C@@H]6C[O]P(=O)([S-])O[C@H]6C[C@H](n7cnc8c(N)ncnc87)O[C@@H]6C[O]P(=O)([S-])O[C@H]6C[C@H](n7cnc8c(N)ncnc87)O[C@@H]6C[O]P(=O)([S-])O[C@H]6C[C@H](n7cc(C)c(=O)[nH]c7=O)O[C@@H]6C[O]P(=O)([S-])O[C@H]6C[C@H](n7cc(C)c(=O)[nH]c7=O)O[C@@H]6C[O]P(=O)([S-])O[C@H]6C[C@H](n7cc(C)c(=O)[nH]c7=O)O[C@@H]6C[O]P(=O)([S-])O[C@H]6[C@H]7O[C@H](C)[C@]6(C[O]P(=O)([O-])O[C@H]6[C@H]8O[C@H](C)[C@]6(C[O]P(=O)([O-])O[C@@H]6[C@@H](C[O]P(=O)([S-])O[C@@H]9[C@@H](C[OH])O[C@@H](n%10cnc%11c(N)ncnc%11%10)[C@@H]9OCCOC)O[C@@H](n9cnc%10c(=O)[nH]c(N)nc%109)[C@@H]6OCCOC)O[C@H]8n6cc(C)c(=O)[nH]c6=O)O[C@H]7n6cnc7c(=O)[nH]c(N)nc76)O[C@@H](n6cc(C)c(=O)[nH]c6=O)[C@@H]5OCCOC)O[C@@H](n5cc(C)c(=O)[nH]c5=O)[C@@H]4OCCOC)O[C@@H](n4cnc5c(N)ncnc54)[C@@H]3OCCOC)O[C@@H](n3cc(C)c(=O)[nH]c3=O)[C@@H]2OCCOC)O[C@H]1n1ccc(N)nc1=O,65,17,17,True
666867,SOD1,SH-SY5Y,20000,free_uptake,5000.0,16,RTS3898,AGTGTTTAATGTTTATC,moe/cet/5-methylcytosines/deoxy,0?1?12?13?14?15?16/2?3/C/else,MMCCddddddddMMMMM,phosphodiester/phosphorothioate,1?2?12?13/else,COCCO[C@@H]1[C@H](O)[C@@H](C[O]P(=O)([S-])O[C@@H]2[C@@H](C[O]P(=O)([S-])O[C@@H]3[C@@H](C[O]P(=O)([O-])O[C@@H]4[C@@H](C[O]P(=O)([O-])O[C@@H]5[C@@H](C[O]P(=O)([S-])O[C@H]6C[C@H](n7cc(C)c(=O)[nH]c7=O)O[C@@H]6C[O]P(=O)([S-])O[C@H]6C[C@H](n7cnc8c(=O)[nH]c(N)nc87)O[C@@H]6C[O]P(=O)([S-])O[C@H]6C[C@H](n7cc(C)c(=O)[nH]c7=O)O[C@@H]6C[O]P(=O)([S-])O[C@H]6C[C@H](n7cnc8c(N)ncnc87)O[C@@H]6C[O]P(=O)([S-])O[C@H]6C[C@H](n7cnc8c(N)ncnc87)O[C@@H]6C[O]P(=O)([S-])O[C@H]6C[C@H](n7cc(C)c(=O)[nH]c7=O)O[C@@H]6C[O]P(=O)([S-])O[C@H]6C[C@H](n7cc(C)c(=O)[nH]c7=O)O[C@@H]6C[O]P(=O)([S-])O[C@H]6C[C@H](n7cc(C)c(=O)[nH]c7=O)O[C@@H]6C[O]P(=O)([S-])O[C@H]6[C@H]7O[C@H](C)[C@]6(C[O]P(=O)([O-])O[C@H]6[C@H]8O[C@H](C)[C@]6(C[O]P(=O)([O-])O[C@@H]6[C@@H](C[O]P(=O)([S-])O[C@@H]9[C@@H](C[OH])O[C@@H](n%10cnc%11c(N)ncnc%11%10)[C@@H]9OCCOC)O[C@@H](n9cnc%10c(=O)[nH]c(N)nc%109)[C@@H]6OCCOC)O[C@H]8n6cc(C)c(=O)[nH]c6=O)O[C@H]7n6cnc7c(=O)[nH]c(N)nc76)O[C@@H](n6cc(C)c(=O)[nH]c6=O)[C@@H]5OCCOC)O[C@@H](n5cc(C)c(=O)[nH]c5=O)[C@@H]4OCCOC)O[C@@H](n4cnc5c(N)ncnc54)[C@@H]3OCCOC)O[C@@H](n3cc(C)c(=O)[nH]c3=O)[C@@H]2OCCOC)O[C@H]1n1ccc(N)nc1=O,81,17,17,True
666867,SOD1,SH-SY5Y,20000,free_uptake,556.0,16,RTS3898,AGTGTTTAATGTTTATC,moe/cet/5-methylcytosines/deoxy,0?1?12?13?14?15?16/2?3/C/else,MMCCddddddddMMMMM,phosphodiester/phosphorothioate,1?2?12?13/else,COCCO[C@@H]1[C@H](O)[C@@H](C[O]P(=O)([S-])O[C@@H]2[C@@H](C[O]P(=O)([S-])O[C@@H]3[C@@H](C[O]P(=O)([O-])O[C@@H]4[C@@H](C[O]P(=O)([O-])O[C@@H]5[C@@H](C[O]P(=O)([S-])O[C@H]6C[C@H](n7cc(C)c(=O)[nH]c7=O)O[C@@H]6C[O]P(=O)([S-])O[C@H]6C[C@H](n7cnc8c(=O)[nH]c(N)nc87)O[C@@H]6C[O]P(=O)([S-])O[C@H]6C[C@H](n7cc(C)c(=O)[nH]c7=O)O[C@@H]6C[O]P(=O)([S-])O[C@H]6C[C@H](n7cnc8c(N)ncnc87)O[C@@H]6C[O]P(=O)([S-])O[C@H]6C[C@H](n7cnc8c(N)ncnc87)O[C@@H]6C[O]P(=O)([S-])O[C@H]6C[C@H](n7cc(C)c(=O)[nH]c7=O)O[C@@H]6C[O]P(=O)([S-])O[C@H]6C[C@H](n7cc(C)c(=O)[nH]c7=O)O[C@@H]6C[O]P(=O)([S-])O[C@H]6C[C@H](n7cc(C)c(=O)[nH]c7=O)O[C@@H]6C[O]P(=O)([S-])O[C@H]6[C@H]7O[C@H](C)[C@]6(C[O]P(=O)([O-])O[C@H]6[C@H]8O[C@H](C)[C@]6(C[O]P(=O)([O-])O[C@@H]6[C@@H](C[O]P(=O)([S-])O[C@@H]9[C@@H](C[OH])O[C@@H](n%10cnc%11c(N)ncnc%11%10)[C@@H]9OCCOC)O[C@@H](n9cnc%10c(=O)[nH]c(N)nc%109)[C@@H]6OCCOC)O[C@H]8n6cc(C)c(=O)[nH]c6=O)O[C@H]7n6cnc7c(=O)[nH]c(N)nc76)O[C@@H](n6cc(C)c(=O)[nH]c6=O)[C@@H]5OCCOC)O[C@@H](n5cc(C)c(=O)[nH]c5=O)[C@@H]4OCCOC)O[C@@H](n4cnc5c(N)ncnc54)[C@@H]3OCCOC)O[C@@H](n3cc(C)c(=O)[nH]c3=O)[C@@H]2OCCOC)O[C@H]1n1ccc(N)nc1=O,43,17,17,True
666867,SOD1,A431,5000,free_uptake,5000.0,16,RTS3898,AGTGTTTAATGTTTATC,moe/cet/5-methylcytosines/deoxy,0?1?12?13?14?15?16/2?3/C/else,MMCCddddddddMMMMM,phosphodiester/phosphorothioate,1?2?12?13/else,COCCO[C@@H]1[C@H](O)[C@@H](C[O]P(=O)([S-])O[C@@H]2[C@@H](C[O]P(=O)([S-])O[C@@H]3[C@@H](C[O]P(=O)([O-])O[C@@H]4[C@@H](C[O]P(=O)([O-])O[C@@H]5[C@@H](C[O]P(=O)([S-])O[C@H]6C[C@H](n7cc(C)c(=O)[nH]c7=O)O[C@@H]6C[O]P(=O)([S-])O[C@H]6C[C@H](n7cnc8c(=O)[nH]c(N)nc87)O[C@@H]6C[O]P(=O)([S-])O[C@H]6C[C@H](n7cc(C)c(=O)[nH]c7=O)O[C@@H]6C[O]P(=O)([S-])O[C@H]6C[C@H](n7cnc8c(N)ncnc87)O[C@@H]6C[O]P(=O)([S-])O[C@H]6C[C@H](n7cnc8c(N)ncnc87)O[C@@H]6C[O]P(=O)([S-])O[C@H]6C[C@H](n7cc(C)c(=O)[nH]c7=O)O[C@@H]6C[O]P(=O)([S-])O[C@H]6C[C@H](n7cc(C)c(=O)[nH]c7=O)O[C@@H]6C[O]P(=O)([S-])O[C@H]6C[C@H](n7cc(C)c(=O)[nH]c7=O)O[C@@H]6C[O]P(=O)([S-])O[C@H]6[C@H]7O[C@H](C)[C@]6(C[O]P(=O)([O-])O[C@H]6[C@H]8O[C@H](C)[C@]6(C[O]P(=O)([O-])O[C@@H]6[C@@H](C[O]P(=O)([S-])O[C@@H]9[C@@H](C[OH])O[C@@H](n%10cnc%11c(N)ncnc%11%10)[C@@H]9OCCOC)O[C@@H](n9cnc%10c(=O)[nH]c(N)nc%109)[C@@H]6OCCOC)O[C@H]8n6cc(C)c(=O)[nH]c6=O)O[C@H]7n6cnc7c(=O)[nH]c(N)nc76)O[C@@H](n6cc(C)c(=O)[nH]c6=O)[C@@H]5OCCOC)O[C@@H](n5cc(C)c(=O)[nH]c5=O)[C@@H]4OCCOC)O[C@@H](n4cnc5c(N)ncnc54)[C@@H]3OCCOC)O[C@@H](n3cc(C)c(=O)[nH]c3=O)[C@@H]2OCCOC)O[C@H]1n1ccc(N)nc1=O,79,17,17,True
666867,SOD1,A431,5000,free_uptake,185.0,16,RTS3898,AGTGTTTAATGTTTATC,moe/cet/5-methylcytosines/deoxy,0?1?12?13?14?15?16/2?3/C/else,MMCCddddddddMMMMM,phosphodiester/phosphorothioate,1?2?12?13/else,COCCO[C@@H]1[C@H](O)[C@@H](C[O]P(=O)([S-])O[C@@H]2[C@@H](C[O]P(=O)([S-])O[C@@H]3[C@@H](C[O]P(=O)([O-])O[C@@H]4[C@@H](C[O]P(=O)([O-])O[C@@H]5[C@@H](C[O]P(=O)([S-])O[C@H]6C[C@H](n7cc(C)c(=O)[nH]c7=O)O[C@@H]6C[O]P(=O)([S-])O[C@H]6C[C@H](n7cnc8c(=O)[nH]c(N)nc87)O[C@@H]6C[O]P(=O)([S-])O[C@H]6C[C@H](n7cc(C)c(=O)[nH]c7=O)O[C@@H]6C[O]P(=O)([S-])O[C@H]6C[C@H](n7cnc8c(N)ncnc87)O[C@@H]6C[O]P(=O)([S-])O[C@H]6C[C@H](n7cnc8c(N)ncnc87)O[C@@H]6C[O]P(=O)([S-])O[C@H]6C[C@H](n7cc(C)c(=O)[nH]c7=O)O[C@@H]6C[O]P(=O)([S-])O[C@H]6C[C@H](n7cc(C)c(=O)[nH]c7=O)O[C@@H]6C[O]P(=O)([S-])O[C@H]6C[C@H](n7cc(C)c(=O)[nH]c7=O)O[C@@H]6C[O]P(=O)([S-])O[C@H]6[C@H]7O[C@H](C)[C@]6(C[O]P(=O)([O-])O[C@H]6[C@H]8O[C@H](C)[C@]6(C[O]P(=O)([O-])O[C@@H]6[C@@H](C[O]P(=O)([S-])O[C@@H]9[C@@H](C[OH])O[C@@H](n%10cnc%11c(N)ncnc%11%10)[C@@H]9OCCOC)O[C@@H](n9cnc%10c(=O)[nH]c(N)nc%109)[C@@H]6OCCOC)O[C@H]8n6cc(C)c(=O)[nH]c6=O)O[C@H]7n6cnc7c(=O)[nH]c(N)nc76)O[C@@H](n6cc(C)c(=O)[nH]c6=O)[C@@H]5OCCOC)O[C@@H](n5cc(C)c(=O)[nH]c5=O)[C@@H]4OCCOC)O[C@@H](n4cnc5c(N)ncnc54)[C@@H]3OCCOC)O[C@@H](n3cc(C)c(=O)[nH]c3=O)[C@@H]2OCCOC)O[C@H]1n1ccc(N)nc1=O,43,17,17,True
666867,SOD1,A431,5000,free_uptake,1667.0,16,RTS3898,AGTGTTTAATGTTTATC,moe/cet/5-methylcytosines/deoxy,0?1?12?13?14?15?16/2?3/C/else,MMCCddddddddMMMMM,phosphodiester/phosphorothioate,1?2?12?13/else,COCCO[C@@H]1[C@H](O)[C@@H](C[O]P(=O)([S-])O[C@@H]2[C@@H](C[O]P(=O)([S-])O[C@@H]3[C@@H](C[O]P(=O)([O-])O[C@@H]4[C@@H](C[O]P(=O)([O-])O[C@@H]5[C@@H](C[O]P(=O)([S-])O[C@H]6C[C@H](n7cc(C)c(=O)[nH]c7=O)O[C@@H]6C[O]P(=O)([S-])O[C@H]6C[C@H](n7cnc8c(=O)[nH]c(N)nc87)O[C@@H]6C[O]P(=O)([S-])O[C@H]6C[C@H](n7cc(C)c(=O)[nH]c7=O)O[C@@H]6C[O]P(=O)([S-])O[C@H]6C[C@H](n7cnc8c(N)ncnc87)O[C@@H]6C[O]P(=O)([S-])O[C@H]6C[C@H](n7cnc8c(N)ncnc87)O[C@@H]6C[O]P(=O)([S-])O[C@H]6C[C@H](n7cc(C)c(=O)[nH]c7=O)O[C@@H]6C[O]P(=O)([S-])O[C@H]6C[C@H](n7cc(C)c(=O)[nH]c7=O)O[C@@H]6C[O]P(=O)([S-])O[C@H]6C[C@H](n7cc(C)c(=O)[nH]c7=O)O[C@@H]6C[O]P(=O)([S-])O[C@H]6[C@H]7O[C@H](C)[C@]6(C[O]P(=O)([O-])O[C@H]6[C@H]8O[C@H](C)[C@]6(C[O]P(=O)([O-])O[C@@H]6[C@@H](C[O]P(=O)([S-])O[C@@H]9[C@@H](C[OH])O[C@@H](n%10cnc%11c(N)ncnc%11%10)[C@@H]9OCCOC)O[C@@H](n9cnc%10c(=O)[nH]c(N)nc%109)[C@@H]6OCCOC)O[C@H]8n6cc(C)c(=O)[nH]c6=O)O[C@H]7n6cnc7c(=O)[nH]c(N)nc76)O[C@@H](n6cc(C)c(=O)[nH]c6=O)[C@@H]5OCCOC)O[C@@H](n5cc(C)c(=O)[nH]c5=O)[C@@H]4OCCOC)O[C@@H](n4cnc5c(N)ncnc54)[C@@H]3OCCOC)O[C@@H](n3cc(C)c(=O)[nH]c3=O)[C@@H]2OCCOC)O[C@H]1n1ccc(N)nc1=O,68,17,17,True
666867,SOD1,SH-SY5Y,20000,free_uptake,185.0,16,RTS3898,AGTGTTTAATGTTTATC,moe/cet/5-methylcytosines/deoxy,0?1?12?13?14?15?16/2?3/C/else,MMCCddddddddMMMMM,phosphodiester/phosphorothioate,1?2?12?13/else,COCCO[C@@H]1[C@H](O)[C@@H](C[O]P(=O)([S-])O[C@@H]2[C@@H](C[O]P(=O)([S-])O[C@@H]3[C@@H](C[O]P(=O)([O-])O[C@@H]4[C@@H](C[O]P(=O)([O-])O[C@@H]5[C@@H](C[O]P(=O)([S-])O[C@H]6C[C@H](n7cc(C)c(=O)[nH]c7=O)O[C@@H]6C[O]P(=O)([S-])O[C@H]6C[C@H](n7cnc8c(=O)[nH]c(N)nc87)O[C@@H]6C[O]P(=O)([S-])O[C@H]6C[C@H](n7cc(C)c(=O)[nH]c7=O)O[C@@H]6C[O]P(=O)([S-])O[C@H]6C[C@H](n7cnc8c(N)ncnc87)O[C@@H]6C[O]P(=O)([S-])O[C@H]6C[C@H](n7cnc8c(N)ncnc87)O[C@@H]6C[O]P(=O)([S-])O[C@H]6C[C@H](n7cc(C)c(=O)[nH]c7=O)O[C@@H]6C[O]P(=O)([S-])O[C@H]6C[C@H](n7cc(C)c(=O)[nH]c7=O)O[C@@H]6C[O]P(=O)([S-])O[C@H]6C[C@H](n7cc(C)c(=O)[nH]c7=O)O[C@@H]6C[O]P(=O)([S-])O[C@H]6[C@H]7O[C@H](C)[C@]6(C[O]P(=O)([O-])O[C@H]6[C@H]8O[C@H](C)[C@]6(C[O]P(=O)([O-])O[C@@H]6[C@@H](C[O]P(=O)([S-])O[C@@H]9[C@@H](C[OH])O[C@@H](n%10cnc%11c(N)ncnc%11%10)[C@@H]9OCCOC)O[C@@H](n9cnc%10c(=O)[nH]c(N)nc%109)[C@@H]6OCCOC)O[C@H]8n6cc(C)c(=O)[nH]c6=O)O[C@H]7n6cnc7c(=O)[nH]c(N)nc76)O[C@@H](n6cc(C)c(=O)[nH]c6=O)[C@@H]5OCCOC)O[C@@H](n5cc(C)c(=O)[nH]c5=O)[C@@H]4OCCOC)O[C@@H](n4cnc5c(N)ncnc54)[C@@H]3OCCOC)O[C@@H](n3cc(C)c(=O)[nH]c3=O)[C@@H]2OCCOC)O[C@H]1n1ccc(N)nc1=O,10,17,17,True
666867,SOD1,SH-SY5Y,20000,free_uptake,1667.0,16,RTS3898,AGTGTTTAATGTTTATC,moe/cet/5-methylcytosines/deoxy,0?1?12?13?14?15?16/2?3/C/else,MMCCddddddddMMMMM,phosphodiester/phosphorothioate,1?2?12?13/else,COCCO[C@@H]1[C@H](O)[C@@H](C[O]P(=O)([S-])O[C@@H]2[C@@H](C[O]P(=O)([S-])O[C@@H]3[C@@H](C[O]P(=O)([O-])O[C@@H]4[C@@H](C[O]P(=O)([O-])O[C@@H]5[C@@H](C[O]P(=O)([S-])O[C@H]6C[C@H](n7cc(C)c(=O)[nH]c7=O)O[C@@H]6C[O]P(=O)([S-])O[C@H]6C[C@H](n7cnc8c(=O)[nH]c(N)nc87)O[C@@H]6C[O]P(=O)([S-])O[C@H]6C[C@H](n7cc(C)c(=O)[nH]c7=O)O[C@@H]6C[O]P(=O)([S-])O[C@H]6C[C@H](n7cnc8c(N)ncnc87)O[C@@H]6C[O]P(=O)([S-])O[C@H]6C[C@H](n7cnc8c(N)ncnc87)O[C@@H]6C[O]P(=O)([S-])O[C@H]6C[C@H](n7cc(C)c(=O)[nH]c7=O)O[C@@H]6C[O]P(=O)([S-])O[C@H]6C[C@H](n7cc(C)c(=O)[nH]c7=O)O[C@@H]6C[O]P(=O)([S-])O[C@H]6C[C@H](n7cc(C)c(=O)[nH]c7=O)O[C@@H]6C[O]P(=O)([S-])O[C@H]6[C@H]7O[C@H](C)[C@]6(C[O]P(=O)([O-])O[C@H]6[C@H]8O[C@H](C)[C@]6(C[O]P(=O)([O-])O[C@@H]6[C@@H](C[O]P(=O)([S-])O[C@@H]9[C@@H](C[OH])O[C@@H](n%10cnc%11c(N)ncnc%11%10)[C@@H]9OCCOC)O[C@@H](n9cnc%10c(=O)[nH]c(N)nc%109)[C@@H]6OCCOC)O[C@H]8n6cc(C)c(=O)[nH]c6=O)O[C@H]7n6cnc7c(=O)[nH]c(N)nc76)O[C@@H](n6cc(C)c(=O)[nH]c6=O)[C@@H]5OCCOC)O[C@@H](n5cc(C)c(=O)[nH]c5=O)[C@@H]4OCCOC)O[C@@H](n4cnc5c(N)ncnc54)[C@@H]3OCCOC)O[C@@H](n3cc(C)c(=O)[nH]c3=O)[C@@H]2OCCOC)O[C@H]1n1ccc(N)nc1=O,61,17,17,True
666867,SOD1,A431,5000,free_uptake,62.0,16,RTS3898,AGTGTTTAATGTTTATC,moe/cet/5-methylcytosines/deoxy,0?1?12?13?14?15?16/2?3/C/else,MMCCddddddddMMMMM,phosphodiester/phosphorothioate,1?2?12?13/else,COCCO[C@@H]1[C@H](O)[C@@H](C[O]P(=O)([S-])O[C@@H]2[C@@H](C[O]P(=O)([S-])O[C@@H]3[C@@H](C[O]P(=O)([O-])O[C@@H]4[C@@H](C[O]P(=O)([O-])O[C@@H]5[C@@H](C[O]P(=O)([S-])O[C@H]6C[C@H](n7cc(C)c(=O)[nH]c7=O)O[C@@H]6C[O]P(=O)([S-])O[C@H]6C[C@H](n7cnc8c(=O)[nH]c(N)nc87)O[C@@H]6C[O]P(=O)([S-])O[C@H]6C[C@H](n7cc(C)c(=O)[nH]c7=O)O[C@@H]6C[O]P(=O)([S-])O[C@H]6C[C@H](n7cnc8c(N)ncnc87)O[C@@H]6C[O]P(=O)([S-])O[C@H]6C[C@H](n7cnc8c(N)ncnc87)O[C@@H]6C[O]P(=O)([S-])O[C@H]6C[C@H](n7cc(C)c(=O)[nH]c7=O)O[C@@H]6C[O]P(=O)([S-])O[C@H]6C[C@H](n7cc(C)c(=O)[nH]c7=O)O[C@@H]6C[O]P(=O)([S-])O[C@H]6C[C@H](n7cc(C)c(=O)[nH]c7=O)O[C@@H]6C[O]P(=O)([S-])O[C@H]6[C@H]7O[C@H](C)[C@]6(C[O]P(=O)([O-])O[C@H]6[C@H]8O[C@H](C)[C@]6(C[O]P(=O)([O-])O[C@@H]6[C@@H](C[O]P(=O)([S-])O[C@@H]9[C@@H](C[OH])O[C@@H](n%10cnc%11c(N)ncnc%11%10)[C@@H]9OCCOC)O[C@@H](n9cnc%10c(=O)[nH]c(N)nc%109)[C@@H]6OCCOC)O[C@H]8n6cc(C)c(=O)[nH]c6=O)O[C@H]7n6cnc7c(=O)[nH]c(N)nc76)O[C@@H](n6cc(C)c(=O)[nH]c6=O)[C@@H]5OCCOC)O[C@@H](n5cc(C)c(=O)[nH]c5=O)[C@@H]4OCCOC)O[C@@H](n4cnc5c(N)ncnc54)[C@@H]3OCCOC)O[C@@H](n3cc(C)c(=O)[nH]c3=O)[C@@H]2OCCOC)O[C@H]1n1ccc(N)nc1=O,16,17,17,True
666867,SOD1,SH-SY5Y,20000,free_uptake,15000.0,16,RTS3898,AGTGTTTAATGTTTATC,moe/cet/5-methylcytosines/deoxy,0?1?12?13?14?15?16/2?3/C/else,MMCCddddddddMMMMM,phosphodiester/phosphorothioate,1?2?12?13/else,COCCO[C@@H]1[C@H](O)[C@@H](C[O]P(=O)([S-])O[C@@H]2[C@@H](C[O]P(=O)([S-])O[C@@H]3[C@@H](C[O]P(=O)([O-])O[C@@H]4[C@@H](C[O]P(=O)([O-])O[C@@H]5[C@@H](C[O]P(=O)([S-])O[C@H]6C[C@H](n7cc(C)c(=O)[nH]c7=O)O[C@@H]6C[O]P(=O)([S-])O[C@H]6C[C@H](n7cnc8c(=O)[nH]c(N)nc87)O[C@@H]6C[O]P(=O)([S-])O[C@H]6C[C@H](n7cc(C)c(=O)[nH]c7=O)O[C@@H]6C[O]P(=O)([S-])O[C@H]6C[C@H](n7cnc8c(N)ncnc87)O[C@@H]6C[O]P(=O)([S-])O[C@H]6C[C@H](n7cnc8c(N)ncnc87)O[C@@H]6C[O]P(=O)([S-])O[C@H]6C[C@H](n7cc(C)c(=O)[nH]c7=O)O[C@@H]6C[O]P(=O)([S-])O[C@H]6C[C@H](n7cc(C)c(=O)[nH]c7=O)O[C@@H]6C[O]P(=O)([S-])O[C@H]6C[C@H](n7cc(C)c(=O)[nH]c7=O)O[C@@H]6C[O]P(=O)([S-])O[C@H]6[C@H]7O[C@H](C)[C@]6(C[O]P(=O)([O-])O[C@H]6[C@H]8O[C@H](C)[C@]6(C[O]P(=O)([O-])O[C@@H]6[C@@H](C[O]P(=O)([S-])O[C@@H]9[C@@H](C[OH])O[C@@H](n%10cnc%11c(N)ncnc%11%10)[C@@H]9OCCOC)O[C@@H](n9cnc%10c(=O)[nH]c(N)nc%109)[C@@H]6OCCOC)O[C@H]8n6cc(C)c(=O)[nH]c6=O)O[C@H]7n6cnc7c(=O)[nH]c(N)nc76)O[C@@H](n6cc(C)c(=O)[nH]c6=O)[C@@H]5OCCOC)O[C@@H](n5cc(C)c(=O)[nH]c5=O)[C@@H]4OCCOC)O[C@@H](n4cnc5c(N)ncnc54)[C@@H]3OCCOC)O[C@@H](n3cc(C)c(=O)[nH]c3=O)[C@@H]2OCCOC)O[C@H]1n1ccc(N)nc1=O,77,17,17,True
666867,SOD1,SH-SY5Y,20000,free_uptake,62.0,16,RTS3898,AGTGTTTAATGTTTATC,moe/cet/5-methylcytosines/deoxy,0?1?12?13?14?15?16/2?3/C/else,MMCCddddddddMMMMM,phosphodiester/phosphorothioate,1?2?12?13/else,COCCO[C@@H]1[C@H](O)[C@@H](C[O]P(=O)([S-])O[C@@H]2[C@@H](C[O]P(=O)([S-])O[C@@H]3[C@@H](C[O]P(=O)([O-])O[C@@H]4[C@@H](C[O]P(=O)([O-])O[C@@H]5[C@@H](C[O]P(=O)([S-])O[C@H]6C[C@H](n7cc(C)c(=O)[nH]c7=O)O[C@@H]6C[O]P(=O)([S-])O[C@H]6C[C@H](n7cnc8c(=O)[nH]c(N)nc87)O[C@@H]6C[O]P(=O)([S-])O[C@H]6C[C@H](n7cc(C)c(=O)[nH]c7=O)O[C@@H]6C[O]P(=O)([S-])O[C@H]6C[C@H](n7cnc8c(N)ncnc87)O[C@@H]6C[O]P(=O)([S-])O[C@H]6C[C@H](n7cnc8c(N)ncnc87)O[C@@H]6C[O]P(=O)([S-])O[C@H]6C[C@H](n7cc(C)c(=O)[nH]c7=O)O[C@@H]6C[O]P(=O)([S-])O[C@H]6C[C@H](n7cc(C)c(=O)[nH]c7=O)O[C@@H]6C[O]P(=O)([S-])O[C@H]6C[C@H](n7cc(C)c(=O)[nH]c7=O)O[C@@H]6C[O]P(=O)([S-])O[C@H]6[C@H]7O[C@H](C)[C@]6(C[O]P(=O)([O-])O[C@H]6[C@H]8O[C@H](C)[C@]6(C[O]P(=O)([O-])O[C@@H]6[C@@H](C[O]P(=O)([S-])O[C@@H]9[C@@H](C[OH])O[C@@H](n%10cnc%11c(N)ncnc%11%10)[C@@H]9OCCOC)O[C@@H](n9cnc%10c(=O)[nH]c(N)nc%109)[C@@H]6OCCOC)O[C@H]8n6cc(C)c(=O)[nH]c6=O)O[C@H]7n6cnc7c(=O)[nH]c(N)nc76)O[C@@H](n6cc(C)c(=O)[nH]c6=O)[C@@H]5OCCOC)O[C@@H](n5cc(C)c(=O)[nH]c5=O)[C@@H]4OCCOC)O[C@@H](n4cnc5c(N)ncnc54)[C@@H]3OCCOC)O[C@@H](n3cc(C)c(=O)[nH]c3=O)[C@@H]2OCCOC)O[C@H]1n1ccc(N)nc1=O,33,17,17,True
